CHRM,POS,REF,GENE,EFFECT_IMPACT,COSMIC,dbSNP_Clinical,Num_Patients,PT_NAME,ALT,AF,DEPTH,READ_SUPPORT
4,1656781,C,FAM53A,MODERATE,Yes,No,1,,,,,
,,,,,,,,PT_10,T,0.47826087,23,10
,,,,,,,,PT_10,T,0.47826087,23,10
,,,,,,,,PT_10,T,0.47826087,23,10
12,57919593,A,DCTN2#MBD6,MODIFIER#MODERATE,Yes,Yes,1,,,,,
,,,,,,,,PT_10,C,0.107142857,84,9
,,,,,,,,PT_10,T,0.47826087,23,10
,,,,,,,,PT_10,G,0.47826087,23,10
2,220422157,A,OBSL1,MODIFIER#MODERATE,No,No,1,,,,,
,,,,,,,,PT_10,C,0.1,20,2
X,77301991,G,ATP7A,MODERATE,No,No,1,,,,,
,,,,,,,,PT_10,T,0.122377622,286,35
9,70428071,N,FOXD4L4#CBWD5#CBWD3#FOXD4L2,MODIFIER#MODERATE,No,No,1,,,,,
,,,,,,,,PT_10,A,0.244444444,90,21
1,236744713,A,HEATR1,MODERATE#HIGH,No,No,1,,,,,
,,,,,,,,PT_10,C,0.109090909,55,6
1,211751948,A,SLC30A1,MODERATE,No,No,1,,,,,
,,,,,,,,PT_10,C,0.21875,32,7
17,44109607,T,MIR4315-2#MIR4315-1#KANSL1#MAPT,MODIFIER#MODERATE,No,No,1,,,,,
,,,,,,,,PT_10,G,0.101010101,99,9
12,52627111,A,KRT7,MODERATE,Yes,No,1,,,,,
,,,,,,,,PT_10,C,0.12,25,3
7,144015720,C,OR2A1#OR2A42,MODERATE,No,No,1,,,,,
,,,,,,,,PT_10,G,0.654676259,139,91
Un_gl000228,89550,N,DUX4#DUX2#DUX4L6#DUX4L5#DUX4L3#DUX4L2,HIGH#MODIFIER#MODERATE#LOW,No,No,1,,,,,
,,,,,,,,PT_10,C,0.94972067,179,169
Un_gl000228,89551,N,DUX4#DUX2#DUX4L6#DUX4L5#DUX4L3#DUX4L2,MODIFIER#MODERATE#LOW,No,No,1,,,,,
,,,,,,,,PT_10,A,0.950549451,182,172
Un_gl000228,89553,N,DUX4#DUX2#DUX4L6#DUX4L5#DUX4L3#DUX4L2,MODIFIER#MODERATE#LOW,No,No,1,,,,,
,,,,,,,,PT_10,A,0.978723404,188,183
Un_gl000228,89554,N,DUX4#DUX2#DUX4L6#DUX4L5#DUX4L3#DUX4L2,MODIFIER#MODERATE#LOW,No,No,1,,,,,
,,,,,,,,PT_10,G,0.962566845,187,180
Un_gl000228,89555,N,DUX4#DUX2#DUX4L6#DUX4L5#DUX4L3#DUX4L2,HIGH#MODIFIER#MODERATE#LOW,No,No,1,,,,,
,,,,,,,,PT_10,C,0.922279793,193,177
Un_gl000228,89556,N,DUX4#DUX2#DUX4L6#DUX4L5#DUX4L3#DUX4L2,HIGH#MODIFIER#MODERATE#LOW,No,No,1,,,,,
,,,,,,,,PT_10,G,0.918367347,196,180
Un_gl000228,89559,N,DUX4#DUX2#DUX4L6#DUX4L5#DUX4L3#DUX4L2,MODIFIER#MODERATE#LOW,No,No,1,,,,,
,,,,,,,,PT_10,G,0.936893204,206,192
4,191003434,C,DUX4#DUX2#DUX4L6#DUX4L5#DUX4L4#DUX4L3#DUX4L2,MODIFIER#MODERATE,No,No,1,,,,,
,,,,,,,,PT_10,T,0.121212121,33,3
11,67376932,T,NDUFV1#DOC2GP,HIGH#MODIFIER,No,No,1,,,,,
,,,,,,,,PT_10,G,0.777027027,296,229
9,135102376,A,NTNG2,MODERATE,No,No,1,,,,,
,,,,,,,,PT_10,C,0.129032258,31,4
