CHRM,POS,REF,GENE,EFFECT_IMPACT,COSMIC,dbSNP_Clinical,SIFT,GERP_RS,GERP_NR,logOdds,PolyPhen2,Composite_Score,Gene#AA,Num_Patients,PT_NAME,ALT,AF,DEPTH,READ_SUPPORT
11,48347144,T,OR4C3,MODERATE,Yes,No,0.65,1.15,5.88,8.657,B,0.247233843537,OR4C3#Y218H,9
,,,,,,,,,,,,,,,PT_9,C,0.307317073171,205,63
,,,,,,,,,,,,,,,PT_1,C,0.541095890411,146,79
,,,,,,,,,,,,,,,PT_6,C,0.261410788382,241,63
,,,,,,,,,,,,,,,PT_11,C,0.268656716418,67,18
,,,,,,,,,,,,,,,PT_10,C,0.125,32,4
,,,,,,,,,,,,,,,PT_3,C,0.25,60,15
,,,,,,,,,,,,,,,PT_12,C,0.282051282051,39,10
,,,,,,,,,,,,,,,PT_13,C,0.348148148148,135,46
,,,,,,,,,,,,,,,PT_2,C,0.268907563025,119,31
11,48347142,C,OR4C3,MODERATE,Yes,No,0.0,5.88,5.88,17.8871,P,0.875,OR4C3#T217M,9
,,,,,,,,,,,,,,,PT_9,T,0.296650717703,209,61
,,,,,,,,,,,,,,,PT_1,T,0.523178807947,151,78
,,,,,,,,,,,,,,,PT_6,T,0.257142857143,245,63
,,,,,,,,,,,,,,,PT_11,T,0.257142857143,70,18
,,,,,,,,,,,,,,,PT_10,T,0.121212121212,33,3
,,,,,,,,,,,,,,,PT_3,T,0.241935483871,62,15
,,,,,,,,,,,,,,,PT_12,T,0.261904761905,42,11
,,,,,,,,,,,,,,,PT_13,T,0.335714285714,140,46
,,,,,,,,,,,,,,,PT_2,T,0.266666666667,120,32
10,101124187,T,CNNM1,MODERATE,Yes,No,0.0,5.69,5.69,15.9362,D,0.975,CNNM1#V681G,7
,,,,,,,,,,,,,,,PT_11,G,0.144444444444,90,12
,,,,,,,,,,,,,,,PT_1,G,0.115942028986,69,8
,,,,,,,,,,,,,,,PT_10,G,0.180327868852,122,21
,,,,,,,,,,,,,,,PT_3,G,0.16,25,4
,,,,,,,,,,,,,,,PT_12,G,0.183908045977,87,15
,,,,,,,,,,,,,,,PT_13,G,0.109090909091,55,6
,,,,,,,,,,,,,,,PT_2,G,0.15625,32,5
11,48346541,A,OR4C3,MODERATE,Yes,No,0.46,-4.44,5.46,1.3009,NA,0.120973809524,OR4C3#T17S,6
,,,,,,,,,,,,,,,PT_9,T,0.110294117647,136,14
,,,,,,,,,,,,,,,PT_1,T,0.326923076923,52,16
,,,,,,,,,,,,,,,PT_6,T,0.144578313253,83,11
,,,,,,,,,,,,,,,PT_11,T,0.105882352941,85,8
,,,,,,,,,,,,,,,PT_12,T,0.106060606061,132,14
,,,,,,,,,,,,,,,PT_2,T,0.138613861386,101,13
17,62029022,T,SCN4A#MIR4315-2#MIR4315-1,MODIFIER#MODERATE,Yes,No,0.4,4.58,4.58,12.9291,B,0.555876785714,MIR4315-1#|MIR4315-2#|SCN4A#E872G,6
,,,,,,,,,,,,,,,PT_6,C,0.233532934132,167,39
,,,,,,,,,,,,,,,PT_1,C,0.266666666667,30,8
,,,,,,,,,,,,,,,PT_3,C,0.308641975309,162,50
,,,,,,,,,,,,,,,PT_12,C,0.2,30,6
,,,,,,,,,,,,,,,PT_13,C,0.277777777778,54,15
,,,,,,,,,,,,,,,PT_2,C,0.24347826087,115,28
3,195515414,T,MUC4,MODIFIER#MODERATE,Yes,No,NA,-1.63,0.814,2.4902,B,0.0592904761905,MUC4#|MUC4#|MUC4#S1013G,5
,,,,,,,,,,,,,,,PT_9,C,0.272577996716,609,166
,,,,,,,,,,,,,,,PT_11,C,0.297504798464,521,154
,,,,,,,,,,,,,,,PT_1,C,0.154494382022,356,54
,,,,,,,,,,,,,,,PT_10,C,0.303430079156,379,115
,,,,,,,,,,,,,,,PT_12,C,0.143564356436,202,29
1,148756518,C,PPIAL4A#NBPF16#PPIAL4C#PPIAL4B#PPIAL4D#LOC728855#PPIAL4F,MODIFIER#MODERATE,Yes,No,0.01,0.109,0.109,NA,B,0.963333333333,LOC728855#|PPIAL4A#|PPIAL4B#|PPIAL4C#|PPIAL4D#|PPIAL4F#|NBPF16#S616L,5
,,,,,,,,,,,,,,,PT_9,T,0.326454033771,533,173
,,,,,,,,,,,,,,,PT_11,T,0.319634703196,219,69
,,,,,,,,,,,,,,,PT_1,T,0.42962962963,135,58
,,,,,,,,,,,,,,,PT_10,T,0.378151260504,119,44
,,,,,,,,,,,,,,,PT_12,T,0.386243386243,189,72
3,51418833,A,DOCK3#MANF,MODERATE#MODIFIER,Yes,No,0.35,6.17,6.17,15.3933,B,0.58125,DOCK3#H1979P|MANF#,5
,,,,,,,,,,,,,,,PT_6,C,0.117021276596,94,11
,,,,,,,,,,,,,,,PT_9,C,0.175,40,7
,,,,,,,,,,,,,,,PT_10,C,0.21875,32,7
,,,,,,,,,,,,,,,PT_13,C,0.134615384615,52,6
,,,,,,,,,,,,,,,PT_12,C,0.176470588235,34,5
1,12888371,T,PRAMEF11,MODERATE,Yes,No,0.06,-0.613,1.48,5.3835,B,0.213633928571,PRAMEF11#Q51H,5
,,,,,,,,,,,,,,,PT_9,G,0.215736040609,394,84
,,,,,,,,,,,,,,,PT_11,G,0.136,250,34
,,,,,,,,,,,,,,,PT_1,G,0.256756756757,148,38
,,,,,,,,,,,,,,,PT_10,G,0.149825783972,287,42
,,,,,,,,,,,,,,,PT_12,G,0.167381974249,233,39
4,190874255,A,FRG1,MODERATE,Yes,No,0.17,3.71,3.71,11.0497,B,0.551066071429,FRG1#T98S,5
,,,,,,,,,,,,,,,PT_9,T,0.17094017094,117,19
,,,,,,,,,,,,,,,PT_11,T,0.145833333333,96,13
,,,,,,,,,,,,,,,PT_1,T,0.22619047619,84,18
,,,,,,,,,,,,,,,PT_10,T,0.224489795918,98,21
,,,,,,,,,,,,,,,PT_12,T,0.123966942149,242,30
21,14982586,A,POTED,MODERATE,Yes,No,NA,NA,NA,NA,NA,NA,POTED#T13A,5
,,,,,,,,,,,,,,,PT_9,G,0.301401869159,428,129
,,,,,,,,,,,,,,,PT_11,G,0.140625,192,27
,,,,,,,,,,,,,,,PT_1,G,0.372093023256,215,80
,,,,,,,,,,,,,,,PT_10,G,0.428571428571,84,35
,,,,,,,,,,,,,,,PT_12,G,0.454054054054,185,83
20,62038077,T,KCNQ2,MODERATE,Yes,No,0.04,4.95,4.95,14.5952,B,0.74,KCNQ2#T816P|KCNQ2#T819P|KCNQ2#T829P|KCNQ2#T847P,5
,,,,,,,,,,,,,,,PT_12,G,0.15,20,3
,,,,,,,,,,,,,,,PT_6,G,0.4,75,30
,,,,,,,,,,,,,,,PT_1,G,0.217391304348,23,5
,,,,,,,,,,,,,,,PT_3,G,0.204081632653,49,9
,,,,,,,,,,,,,,,PT_2,G,0.451612903226,31,14
5,833915,G,ZDHHC11,MODERATE,Yes,No,0.27,-2.64,1.32,0.5085,B,0.100330357143,ZDHHC11#A303D,5
,,,,,,,,,,,,,,,PT_9,T,0.488439306358,346,168
,,,,,,,,,,,,,,,PT_11,T,0.477941176471,272,130
,,,,,,,,,,,,,,,PT_1,T,0.132352941176,204,26
,,,,,,,,,,,,,,,PT_10,T,0.163265306122,343,55
,,,,,,,,,,,,,,,PT_12,T,0.343642611684,291,100
2,96688929,G,LOC729234#MIR4435-2#MIR4435-1#GPAT2,MODIFIER#MODERATE,Yes,No,0.02,5.44,5.44,16.7485,B,0.745,LOC729234#|MIR4435-1#|MIR4435-2#|GPAT2#R692C,5
,,,,,,,,,,,,,,,PT_9,A,0.490196078431,51,24
,,,,,,,,,,,,,,,PT_11,A,0.333333333333,42,13
,,,,,,,,,,,,,,,PT_1,A,0.263736263736,91,23
,,,,,,,,,,,,,,,PT_10,A,0.227272727273,44,10
,,,,,,,,,,,,,,,PT_12,A,0.133333333333,30,3
12,123351949,T,VPS37B#HIP1R,MODIFIER#MODERATE,Yes,No,0.29,3.89,5.03,9.6845,B,0.455027460239,HIP1R#|VPS37B#Y191S,5
,,,,,,,,,,,,,,,PT_6,G,0.15625,64,10
,,,,,,,,,,,,,,,PT_11,G,0.173913043478,23,3
,,,,,,,,,,,,,,,PT_10,G,0.162162162162,37,5
,,,,,,,,,,,,,,,PT_3,G,0.12962962963,54,7
,,,,,,,,,,,,,,,PT_2,G,0.176470588235,51,8
17,3182087,G,OR3A2,MODERATE,Yes,No,0.08,4.89,4.89,9.9697,B,0.543030357143,OR3A2#T48I,5
,,,,,,,,,,,,,,,PT_9,A,0.20942408377,191,40
,,,,,,,,,,,,,,,PT_11,A,0.495238095238,105,51
,,,,,,,,,,,,,,,PT_1,A,0.465608465608,189,87
,,,,,,,,,,,,,,,PT_10,A,0.25,128,32
,,,,,,,,,,,,,,,PT_12,A,0.539130434783,115,62
19,1488242,A,PCSK4#REEP6,MODERATE#MODIFIER,Yes,No,0.13,1.91,2.97,1.8851,B,0.303186910774,PCSK4#V111G|REEP6#,5
,,,,,,,,,,,,,,,PT_6,C,0.214285714286,98,21
,,,,,,,,,,,,,,,PT_9,C,0.131578947368,38,4
,,,,,,,,,,,,,,,PT_3,C,0.243902439024,41,9
,,,,,,,,,,,,,,,PT_13,C,0.34375,32,11
,,,,,,,,,,,,,,,PT_2,C,0.228070175439,57,13
4,1388631,C,CRIPAK,MODERATE,Yes,No,0.63,-0.0113,0.948,2.6024,B,0.0927214285714,CRIPAK#P111R,5
,,,,,,,,,,,,,,,PT_9,G,0.208588957055,489,101
,,,,,,,,,,,,,,,PT_11,G,0.288590604027,149,43
,,,,,,,,,,,,,,,PT_1,G,0.166666666667,84,14
,,,,,,,,,,,,,,,PT_10,G,0.403726708075,161,65
,,,,,,,,,,,,,,,PT_12,G,0.128,125,16
1,248436912,T,OR2T33,MODERATE,Yes,No,0.25,-5.39,2.7,3.0944,B,0.149007142857,OR2T33#M69V,5
,,,,,,,,,,,,,,,PT_9,C,0.233027522936,545,127
,,,,,,,,,,,,,,,PT_11,C,0.173708920188,213,37
,,,,,,,,,,,,,,,PT_1,C,0.125,88,11
,,,,,,,,,,,,,,,PT_10,C,0.150943396226,371,55
,,,,,,,,,,,,,,,PT_12,C,0.208092485549,173,35
15,50782562,A,USP8,MODERATE,Yes,No,0.3,5.6,5.6,16.0758,B,0.7125,USP8#T692P|USP8#T692P|USP8#T692P,5
,,,,,,,,,,,,,,,PT_9,C,0.117994100295,339,40
,,,,,,,,,,,,,,,PT_11,C,0.101796407186,167,17
,,,,,,,,,,,,,,,PT_1,C,0.111111111111,36,3
,,,,,,,,,,,,,,,PT_10,C,0.14406779661,118,16
,,,,,,,,,,,,,,,PT_12,C,0.101694915254,177,17
3,195509651,G,MUC4,MODIFIER#MODERATE,Yes,No,NA,NA,NA,NA,NA,NA,MUC4#|MUC4#|MUC4#L2934F,5
,,,,,,,,,,,,,,,PT_9,A,0.246822033898,944,232
,,,,,,,,,,,,,,,PT_11,A,0.24367816092,870,212
,,,,,,,,,,,,,,,PT_1,A,0.269886363636,704,189
,,,,,,,,,,,,,,,PT_10,A,0.237623762376,1111,263
,,,,,,,,,,,,,,,PT_12,A,0.248062015504,516,128
8,102213962,C,ZNF706,MODERATE,Yes,No,0.0,3.58,5.39,12.1205,B,0.632485737477,ZNF706#R3P|ZNF706#R3P|ZNF706#R3P,4
,,,,,,,,,,,,,,,PT_6,G,0.3,20,6
,,,,,,,,,,,,,,,PT_1,G,0.2,25,5
,,,,,,,,,,,,,,,PT_10,G,0.155844155844,77,11
,,,,,,,,,,,,,,,PT_13,G,0.121212121212,66,7
5,50117112,C,PARP8,MODIFIER#MODERATE,Yes,No,NA,-1.68,5.61,12.4561,D,0.596573809524,PARP8#|PARP8#F578L|PARP8#F578L,4
,,,,,,,,,,,,,,,PT_6,G,0.125,80,10
,,,,,,,,,,,,,,,PT_12,G,0.1125,80,9
,,,,,,,,,,,,,,,PT_3,G,0.137254901961,51,7
,,,,,,,,,,,,,,,PT_2,G,0.119047619048,84,10
9,21974744,A,CDKN2A,MODIFIER#MODERATE,Yes,No,0.03,4.89,4.89,13.8927,D,0.965583928571,CDKN2A#|CDKN2A#V28G|CDKN2A#V28G|CDKN2A#V28G,4
,,,,,,,,,,,,,,,PT_6,C,0.184397163121,141,26
,,,,,,,,,,,,,,,PT_3,C,0.19587628866,97,19
,,,,,,,,,,,,,,,PT_13,C,0.127450980392,102,12
,,,,,,,,,,,,,,,PT_2,C,0.16339869281,153,24
13,53420356,A,PCDH8,MODERATE,Yes,No,0.79,1.57,4.45,2.3572,B,0.156545104334,PCDH8#V739G|PCDH8#V739G,4
,,,,,,,,,,,,,,,PT_6,C,0.111111111111,45,4
,,,,,,,,,,,,,,,PT_9,C,0.149253731343,67,9
,,,,,,,,,,,,,,,PT_10,C,0.104166666667,48,5
,,,,,,,,,,,,,,,PT_2,C,0.16,25,4
15,78290654,G,TBC1D2B#LOC91450,MODIFIER#MODERATE,Yes,No,0.24,4.48,4.48,9.9118,B,0.521996428571,TBC1D2B#|TBC1D2B#L914V|LOC91450#,4
,,,,,,,,,,,,,,,PT_11,C,0.114942528736,87,10
,,,,,,,,,,,,,,,PT_1,C,0.2,20,4
,,,,,,,,,,,,,,,PT_10,C,0.1,80,8
,,,,,,,,,,,,,,,PT_12,C,0.14,100,14
8,7694034,A,DEFB109P1B#DEFB104B#DEFB104A#SPAG11B#DEFB103B#DEFB103A,MODIFIER#MODERATE,Yes,No,0.02,-1.4,1.69,1.7865,NA,0.369202380952,DEFB103A#|DEFB103B#|DEFB109P1B#|SPAG11B#|DEFB104A#I10V|DEFB104B#I10V|DEFB104A#I10F|DEFB104B#I10F,4
,,,,,,,,,,,,,,,PT_11,G,0.237837837838,185,44
,,,,,,,,,,,,,,,PT_9,G,0.262857142857,175,45
,,,,,,,,,,,,,,,PT_10,G,0.106060606061,66,7
,,,,,,,,,,,,,,,PT_12,G,0.273291925466,161,44
19,50435876,T,MIR4751#NUP62#SNAR-A14#SNAR-A11#SNAR-A10#ATF5#SNAR-A9#SNAR-A8#SNAR-A3#IL4I1#SNAR-A7#SNAR-A6#SNAR-A5#SNAR-A4,MODIFIER#MODERATE,Yes,No,1.0,3.02,3.02,7.8365,P,0.5149375,SNAR-A10#|SNAR-A11#|SNAR-A14#|SNAR-A3#|SNAR-A4#|SNAR-A5#|SNAR-A6#|SNAR-A7#|SNAR-A8#|SNAR-A9#|ATF5#S126P|ATF5#S126P|IL4I1#|MIR4751#|NUP62#|NUP62#|NUP62#|NUP62#|NUP62#,4
,,,,,,,,,,,,,,,PT_6,C,0.116883116883,77,8
,,,,,,,,,,,,,,,PT_3,C,0.235294117647,51,11
,,,,,,,,,,,,,,,PT_13,C,0.214285714286,28,6
,,,,,,,,,,,,,,,PT_2,C,0.107142857143,28,3
1,215960153,A,USH2A,MODERATE,Yes,No,0.04,4.88,4.88,13.0847,D,0.948655357143,USH2A#C3416G,4
,,,,,,,,,,,,,,,PT_11,C,0.206896551724,29,5
,,,,,,,,,,,,,,,PT_1,C,0.228571428571,35,7
,,,,,,,,,,,,,,,PT_9,C,0.179487179487,78,13
,,,,,,,,,,,,,,,PT_12,C,0.2,40,8
6,127837125,T,SOGA3,MODERATE,Yes,No,0.37,3.69,3.69,6.4544,B,0.444007142857,SOGA3#E212G,4
,,,,,,,,,,,,,,,PT_6,C,0.354166666667,48,17
,,,,,,,,,,,,,,,PT_3,C,0.333333333333,39,12
,,,,,,,,,,,,,,,PT_13,C,0.181818181818,22,3
,,,,,,,,,,,,,,,PT_2,C,0.378378378378,37,13
2,107049392,T,MIR4435-2#RGPD3#MIR4435-1,MODIFIER#MODERATE,Yes,No,0.01,1.11,2.34,6.7125,D,0.710955815018,MIR4435-1#|MIR4435-2#|RGPD3#K823M,4
,,,,,,,,,,,,,,,PT_11,A,0.117370892019,213,25
,,,,,,,,,,,,,,,PT_1,A,0.154761904762,84,13
,,,,,,,,,,,,,,,PT_9,A,0.490196078431,306,149
,,,,,,,,,,,,,,,PT_12,A,0.14453125,256,37
13,20066994,T,TPTE2,MODERATE,Yes,No,NA,-1.53,1.03,4.2942,B,0.102242857143,TPTE2#K39E|TPTE2#K39E|TPTE2#K39E,3
,,,,,,,,,,,,,,,PT_1,C,0.337748344371,151,51
,,,,,,,,,,,,,,,PT_9,C,0.109452736318,201,21
,,,,,,,,,,,,,,,PT_12,C,0.12380952381,105,13
1,7890024,T,PER3,MODERATE,Yes,No,0.65,NA,NA,NA,B,0.0875,PER3#M997R,3
,,,,,,,,,,,,,,,PT_9,G,0.111888111888,143,15
,,,,,,,,,,,,,,,PT_13,G,0.135922330097,103,13
,,,,,,,,,,,,,,,PT_2,G,0.171428571429,140,24
1,7890026,A,PER3,MODERATE,Yes,No,1.0,NA,NA,NA,B,0.0,PER3#K998E,3
,,,,,,,,,,,,,,,PT_9,G,0.115107913669,139,15
,,,,,,,,,,,,,,,PT_13,G,0.138613861386,101,13
,,,,,,,,,,,,,,,PT_2,G,0.175182481752,137,24
3,195508526,G,MUC4,MODIFIER#MODERATE,Yes,No,NA,0.743,0.743,4.7007,B,0.445254761905,MUC4#|MUC4#|MUC4#H3309D,3
,,,,,,,,,,,,,,,PT_1,C,0.736842105263,38,27
,,,,,,,,,,,,,,,PT_10,C,0.212389380531,113,24
,,,,,,,,,,,,,,,PT_12,C,0.166666666667,54,9
3,195508523,C,MUC4,MODIFIER#MODERATE,Yes,No,NA,-1.49,0.743,1.46,B,0.0347619047619,MUC4#|MUC4#|MUC4#A3310T,3
,,,,,,,,,,,,,,,PT_1,T,0.738095238095,42,30
,,,,,,,,,,,,,,,PT_10,T,0.234782608696,115,27
,,,,,,,,,,,,,,,PT_12,T,0.173076923077,52,9
3,195505835,C,MUC4,MODIFIER#MODERATE,Yes,No,NA,NA,NA,NA,NA,NA,MUC4#|MUC4#|MUC4#A4206T|MUC4#A4206P|MUC4#A4206S,3
,,,,,,,,,,,,,,,PT_1,T,0.176975945017,582,102
,,,,,,,,,,,,,,,PT_10,T,0.119302949062,746,89
,,,,,,,,,,,,,,,PT_12,T,0.175767918089,586,103
1,152187935,C,HRNR,MODERATE,Yes,No,0.69,-2.34,4.58,5.2967,B,0.133333928571,HRNR#R2057Q,3
,,,,,,,,,,,,,,,PT_1,T,0.1640625,384,63
,,,,,,,,,,,,,,,PT_9,T,0.186691312384,1082,201
,,,,,,,,,,,,,,,PT_10,T,0.191214470284,387,73
7,100201637,A,PCOLCE#LOC100129845#FBXO24,MODIFIER#MODERATE,Yes,No,0.04,4.6,4.6,11.9841,B,0.704001785714,FBXO24#|FBXO24#|FBXO24#|LOC100129845#|PCOLCE#H87P,3
,,,,,,,,,,,,,,,PT_12,C,0.100775193798,129,12
,,,,,,,,,,,,,,,PT_11,C,0.115384615385,130,15
,,,,,,,,,,,,,,,PT_2,C,0.103092783505,97,9
19,22156863,C,ZNF208,MODERATE,Yes,No,0.17,-5.86,2.93,0.9385,B,0.120508928571,ZNF208#V325F,3
,,,,,,,,,,,,,,,PT_11,A,0.136363636364,44,6
,,,,,,,,,,,,,,,PT_1,A,0.11214953271,107,11
,,,,,,,,,,,,,,,PT_9,A,0.76,25,19
1,12907285,G,HNRNPCL1#LOC649330,MODERATE,Yes,No,NA,NA,NA,NA,NA,NA,HNRNPCL1#S286R|LOC649330#S286R,3
,,,,,,,,,,,,,,,PT_11,C,0.285318559557,361,103
,,,,,,,,,,,,,,,PT_9,C,0.58225667528,1161,676
,,,,,,,,,,,,,,,PT_12,C,0.37899543379,438,166
22,45574145,A,NUP50,MODERATE,Yes,No,0.73,-6.61,5.46,3.9641,B,0.1045375,NUP50#T123A|NUP50#T95A,3
,,,,,,,,,,,,,,,PT_11,G,0.103092783505,97,9
,,,,,,,,,,,,,,,PT_9,G,0.109375,128,14
,,,,,,,,,,,,,,,PT_10,G,0.2,80,16
8,11189184,C,MTMR9#SLC35G5,MODIFIER#MODERATE,Yes,No,0.48,NA,NA,NA,B,0.13,MTMR9#|SLC35G5#T190I,3
,,,,,,,,,,,,,,,PT_11,T,0.108571428571,175,18
,,,,,,,,,,,,,,,PT_1,T,0.116022099448,181,21
,,,,,,,,,,,,,,,PT_10,T,0.259259259259,81,20
1,12856087,C,PRAMEF1,MODERATE,Yes,No,0.49,-2.32,1.56,0.4517,P,0.196816071429,PRAMEF1#P456L,3
,,,,,,,,,,,,,,,PT_11,T,0.125592417062,422,53
,,,,,,,,,,,,,,,PT_1,T,0.172185430464,302,52
,,,,,,,,,,,,,,,PT_12,T,0.222760290557,413,92
3,195513180,C,MUC4,MODIFIER#MODERATE,Yes,No,NA,NA,NA,2.2036,B,0.0787,MUC4#|MUC4#|MUC4#Q1757H|MUC4#Q1757H,3
,,,,,,,,,,,,,,,PT_11,G,0.220883534137,249,55
,,,,,,,,,,,,,,,PT_9,G,0.163043478261,368,60
,,,,,,,,,,,,,,,PT_10,G,0.141552511416,438,62
6,28967773,T,ZNF311,MODERATE,Yes,No,0.57,0.874,3.48,4.1254,B,0.190205213465,ZNF311#N48T,3
,,,,,,,,,,,,,,,PT_11,G,0.125,48,6
,,,,,,,,,,,,,,,PT_9,G,0.125,64,8
,,,,,,,,,,,,,,,PT_10,G,0.147368421053,95,14
7,45123210,G,NACAD,MODERATE,Yes,No,0.04,0.644,2.79,6.5567,B,0.414790021761,NACAD#P857S,3
,,,,,,,,,,,,,,,PT_11,A,0.181818181818,121,21
,,,,,,,,,,,,,,,PT_1,A,0.459016393443,122,56
,,,,,,,,,,,,,,,PT_9,A,0.170068027211,147,25
16,74451970,G,CLEC18B,MODERATE,Yes,No,0.85,3.57,3.57,10.55,B,0.457142857143,CLEC18B#T148S,3
,,,,,,,,,,,,,,,PT_11,C,0.107692307692,65,6
,,,,,,,,,,,,,,,PT_1,C,0.15625,32,5
,,,,,,,,,,,,,,,PT_12,C,0.107142857143,28,3
6,32497960,C,HLA-DRB5,MODERATE,Yes,No,0.0,-2.98,4.54,7.522,B,0.384321428571,HLA-DRB5#K14N,3
,,,,,,,,,,,,,,,PT_11,A,0.873786407767,103,90
,,,,,,,,,,,,,,,PT_1,A,0.120689655172,58,6
,,,,,,,,,,,,,,,PT_12,A,0.457142857143,70,32
,,,,,,,,,,,,,,,PT_12,T,0.414285714286,70,29
2,1507747,A,TPO,MODIFIER#MODERATE,Yes,No,NA,0.757,4.53,8.0354,NA,0.370532655314,TPO#|TPO#H632P|TPO#H748P|TPO#H748P|TPO#H805P|TPO#H805P,3
,,,,,,,,,,,,,,,PT_1,C,0.166666666667,60,10
,,,,,,,,,,,,,,,PT_9,C,0.117647058824,85,10
,,,,,,,,,,,,,,,PT_13,C,0.105263157895,38,4
16,66621965,A,CMTM2,MODERATE,Yes,No,0.47,-6.26,3.13,1.832,B,0.0989642857143,CMTM2#E177D|CMTM2#E230D,3
,,,,,,,,,,,,,,,PT_11,C,0.144230769231,104,15
,,,,,,,,,,,,,,,PT_9,C,0.145833333333,96,13
,,,,,,,,,,,,,,,PT_12,C,0.123287671233,73,9
2,132237927,C,MZT2A#TUBA3D,MODIFIER#MODERATE,Yes,No,0.0,1.33,2.24,6.8167,B,0.520164285714,MZT2A#|TUBA3D#R221S,3
,,,,,,,,,,,,,,,PT_11,A,0.319277108434,166,53
,,,,,,,,,,,,,,,PT_9,A,0.138020833333,384,52
,,,,,,,,,,,,,,,PT_12,A,0.234375,64,15
7,150831565,C,AGAP3,MODERATE,Yes,No,0.08,3.5,4.4,11.7296,P,0.748320779221,AGAP3#R469G,3
,,,,,,,,,,,,,,,PT_6,G,0.150442477876,113,16
,,,,,,,,,,,,,,,PT_13,G,0.166666666667,48,8
,,,,,,,,,,,,,,,PT_2,G,0.104166666667,48,5
19,2248268,A,JSRP1#MIR4321#SF3A2#AMH,MODIFIER#MODERATE,Yes,No,0.12,4.05,4.05,6.8406,B,0.482153571429,JSRP1#|SF3A2#H373P|AMH#|MIR4321#,3
,,,,,,,,,,,,,,,PT_6,C,0.127272727273,110,14
,,,,,,,,,,,,,,,PT_3,C,0.111111111111,117,12
,,,,,,,,,,,,,,,PT_2,C,0.108910891089,101,10
9,35906559,A,HRCT1#LOC158376,MODERATE#MODIFIER,Yes,No,0.0,-4.88,2.44,0.2739,B,0.254891071429,HRCT1#H92P|LOC158376#,3
,,,,,,,,,,,,,,,PT_6,C,0.257142857143,35,9
,,,,,,,,,,,,,,,PT_3,C,0.444444444444,36,15
,,,,,,,,,,,,,,,PT_2,C,0.475,40,19
17,77111772,T,RBFOX3,MODERATE,Yes,No,1.0,4.27,4.27,9.3045,B,0.416151785714,RBFOX3#Q9P,3
,,,,,,,,,,,,,,,PT_6,G,0.245901639344,61,14
,,,,,,,,,,,,,,,PT_3,G,0.285714285714,49,13
,,,,,,,,,,,,,,,PT_2,G,0.227272727273,22,5
3,195513847,A,MUC4,MODIFIER#MODERATE,Yes,No,NA,NA,NA,4.7644,B,0.170157142857,MUC4#|MUC4#|MUC4#M1535T,3
,,,,,,,,,,,,,,,PT_1,G,0.179810725552,317,56
,,,,,,,,,,,,,,,PT_10,G,0.212765957447,235,50
,,,,,,,,,,,,,,,PT_12,G,0.132420091324,219,28
3,195511526,C,MUC4,MODIFIER#MODERATE,Yes,No,NA,NA,NA,2.1447,B,0.0765964285714,MUC4#|MUC4#|MUC4#D2309N,3
,,,,,,,,,,,,,,,PT_1,T,0.733944954128,327,239
,,,,,,,,,,,,,,,PT_10,T,0.884057971014,138,121
,,,,,,,,,,,,,,,PT_12,T,0.744394618834,223,165
1,148739794,C,PPIAL4A#NBPF16#PPIAL4C#PPIAL4B#PPIAL4D#LOC728855#PPIAL4F,MODIFIER#MODERATE,Yes,No,NA,NA,NA,NA,NA,NA,LOC728855#|PPIAL4A#|PPIAL4B#|PPIAL4C#|PPIAL4D#|PPIAL4F#|NBPF16#I20M,2
,,,,,,,,,,,,,,,PT_11,G,0.110320284698,281,31
,,,,,,,,,,,,,,,PT_12,G,0.182456140351,285,52
8,7345253,T,DEFB106A#DEFB106B#DEFB104B#DEFB104A#SPAG11B#DEFB109P1B#DEFB105A#DEFB105B#DEFB103B#DEFB103A,MODIFIER#MODERATE,Yes,No,0.22,-0.235,1.78,2.368,B,0.139785714286,DEFB103A#|DEFB103B#|DEFB104A#|DEFB104B#|DEFB106A#|DEFB106B#|DEFB109P1B#|SPAG11B#|DEFB105A#I4N|DEFB105B#I4N|DEFB106A#|DEFB106B#,2
,,,,,,,,,,,,,,,PT_9,A,0.333333333333,138,45
,,,,,,,,,,,,,,,PT_12,A,0.348387096774,155,53
7,6820992,A,RSPH10B#RSPH10B2,MODERATE,Yes,No,0.12,0.748,3.38,3.7397,B,0.23210580093,RSPH10B2#Y548C|RSPH10B#Y548C,2
,,,,,,,,,,,,,,,PT_11,G,0.125,96,12
,,,,,,,,,,,,,,,PT_9,G,0.441048034934,229,100
9,43685357,C,FAM75A5#FAM75A7#ANKRD20A3#LOC643648#FOXD4L4#CNTNAP3B#FOXD4L2#LOC286297,MODIFIER#MODERATE,Yes,No,0.3,1.69,1.69,8.2934,NA,0.647461904762,ANKRD20A3#|FAM75A5#|FAM75A7#|FOXD4L2#|FOXD4L4#|LOC286297#|LOC643648#|CNTNAP3B#S21R,2
,,,,,,,,,,,,,,,PT_10,A,0.1953125,128,25
,,,,,,,,,,,,,,,PT_12,A,0.125984251969,127,16
9,39088517,C,CNTNAP3,MODERATE,Yes,No,0.18,-2.27,3.0,0.8027,B,0.241833928571,CNTNAP3#M1041I,2
,,,,,,,,,,,,,,,PT_1,A,0.378378378378,37,13
,,,,,,,,,,,,,,,PT_12,A,0.195804195804,429,83
4,1388759,C,CRIPAK,MODERATE,Yes,No,0.09,-1.9,0.948,0.8279,B,0.128533928571,CRIPAK#R154W,2
,,,,,,,,,,,,,,,PT_1,T,0.14,50,7
,,,,,,,,,,,,,,,PT_9,T,0.132478632479,468,62
10,93505,C,TUBB8,MODERATE,Yes,No,0.0,NA,NA,5.9051,B,0.640597619048,TUBB8#R276Q,2
,,,,,,,,,,,,,,,PT_11,T,0.12389380531,113,14
,,,,,,,,,,,,,,,PT_9,T,0.2,140,28
6,170627695,A,FAM120B,MODERATE,Yes,No,0.36,0.794,3.25,5.1172,B,0.232455494505,FAM120B#D406G,2
,,,,,,,,,,,,,,,PT_11,G,0.196,250,49
,,,,,,,,,,,,,,,PT_12,G,0.145569620253,316,45
12,31237922,G,DDX11,MODERATE,Yes,No,0.62,0.233,3.87,5.1988,B,0.155387393872,DDX11#R141T|DDX11#R167T|DDX11#R167T|DDX11#R167T|DDX11#R167T,2
,,,,,,,,,,,,,,,PT_11,C,0.114285714286,70,8
,,,,,,,,,,,,,,,PT_12,C,0.177777777778,45,8
2,130832598,C,POTEF,MODERATE,Yes,No,0.0,NA,NA,5.9051,D,0.773930952381,POTEF#R816H,2
,,,,,,,,,,,,,,,PT_11,T,0.204620462046,303,61
,,,,,,,,,,,,,,,PT_9,T,0.205426356589,774,158
17,41165802,G,VAT1#IFI35,MODIFIER#MODERATE,Yes,No,0.58,-1.77,5.22,10.5101,B,0.240180357143,VAT1#|IFI35#R193H,2
,,,,,,,,,,,,,,,PT_6,A,0.166666666667,24,4
,,,,,,,,,,,,,,,PT_2,A,0.421052631579,38,16
17,7386234,G,POLR2A#SLC35G6#ZBTB4,MODIFIER#MODERATE,Yes,No,0.6,3.29,4.38,9.3381,B,0.404537173842,ZBTB4#|SLC35G6#V311M|POLR2A#|ZBTB4#,2
,,,,,,,,,,,,,,,PT_9,A,0.367864693446,473,173
,,,,,,,,,,,,,,,PT_12,A,0.122093023256,172,21
1,144816621,A,FLJ39739#NBPF9#PPIAL4A#PPIAL4C#PPIAL4B#LOC728855,MODIFIER#MODERATE,Yes,No,1.0,-1.45,0.723,2.3025,B,0.0411160714286,FLJ39739#|LOC728855#|PPIAL4A#|PPIAL4B#|PPIAL4C#|NBPF9#N509S,2
,,,,,,,,,,,,,,,PT_9,G,0.113636363636,1056,119
,,,,,,,,,,,,,,,PT_12,G,0.124087591241,411,51
1,43166630,G,YBX1,MODERATE,Yes,No,0.03,5.39,5.39,16.6483,B,0.7425,YBX1#D307N,2
,,,,,,,,,,,,,,,PT_11,A,0.203980099502,201,40
,,,,,,,,,,,,,,,PT_12,A,0.122641509434,212,26
7,70800577,C,MIR4650-2#MIR4650-1#WBSCR17,MODIFIER#MODERATE,Yes,No,0.33,3.98,4.89,11.46,P,0.61686933976,MIR4650-1#|MIR4650-2#|WBSCR17#R94G,2
,,,,,,,,,,,,,,,PT_11,G,0.119402985075,67,8
,,,,,,,,,,,,,,,PT_10,G,0.114285714286,70,8
14,70924697,A,ADAM21,MODERATE,Yes,No,0.3,-5.66,3.76,0.3958,B,0.0945678571429,ADAM21#I161V,2
,,,,,,,,,,,,,,,PT_9,G,0.142857142857,42,5
,,,,,,,,,,,,,,,PT_13,G,0.555555555556,27,15
19,35625538,A,LGI4#FXYD1,MODERATE#MODIFIER,Yes,No,0.38,-6.63,4.15,14.5335,B,0.3275,LGI4#V16G|FXYD1#|FXYD1#,2
,,,,,,,,,,,,,,,PT_11,C,0.173913043478,23,3
,,,,,,,,,,,,,,,PT_13,C,0.115384615385,26,3
3,98312096,A,CPOX,MODERATE,Yes,No,0.35,-3.79,3.91,1.3376,B,0.105135714286,CPOX#L85V,2
,,,,,,,,,,,,,,,PT_11,C,0.258064516129,31,7
,,,,,,,,,,,,,,,PT_2,C,0.142857142857,49,6
22,32756652,A,RFPL3-AS1#RFPL3,MODIFIER#MODERATE,Yes,No,0.3,0.115,1.36,6.1216,B,0.217953991597,RFPL3-AS1#|RFPL3-AS1#|RFPL3#S234G|RFPL3#S263G,2
,,,,,,,,,,,,,,,PT_10,G,0.181818181818,77,13
,,,,,,,,,,,,,,,PT_12,G,0.155844155844,77,11
19,56273285,A,RFPL4A,MODERATE,Yes,No,0.25,-0.759,3.31,0.4858,B,0.102425,RFPL4A#K40R,2
,,,,,,,,,,,,,,,PT_1,G,0.136363636364,154,21
,,,,,,,,,,,,,,,PT_12,G,0.117886178862,246,29
16,70883694,G,HYDIN,MODERATE,Yes,No,0.04,3.78,4.78,9.9506,B,0.615388030484,HYDIN#H4269Y,2
,,,,,,,,,,,,,,,PT_9,A,0.191489361702,94,17
,,,,,,,,,,,,,,,PT_12,A,0.133333333333,30,3
2,239147659,G,LOC643387#HES6,MODIFIER#MODERATE,Yes,No,0.77,3.17,3.17,12.2348,B,0.497228571429,LOC643387#|HES6#P160A|HES6#P162A,2
,,,,,,,,,,,,,,,PT_13,C,0.103448275862,29,2
,,,,,,,,,,,,,,,PT_2,C,0.111111111111,45,4
1,207958446,C,CD46,MODERATE,Yes,No,0.22,-8.7,4.35,8.0639,B,0.241498214286,CD46#A309V|CD46#A323V|CD46#A323V|CD46#A323V|CD46#A338V|CD46#A338V|CD46#A353V|CD46#A353V,2
,,,,,,,,,,,,,,,PT_11,T,0.36,25,9
,,,,,,,,,,,,,,,PT_12,T,0.407407407407,27,10
4,144922436,T,GYPB,MODERATE,Yes,No,0.41,-3.49,1.74,4.8253,B,0.159916071429,GYPB#E13A,2
,,,,,,,,,,,,,,,PT_11,G,0.222222222222,171,37
,,,,,,,,,,,,,,,PT_10,G,0.25,116,29
11,55595017,G,OR5L2,MODERATE,Yes,No,1.0,-5.23,5.18,9.8956,B,0.176707142857,OR5L2#G108V,2
,,,,,,,,,,,,,,,PT_11,T,0.163043478261,92,15
,,,,,,,,,,,,,,,PT_12,T,0.333333333333,72,23
12,55820958,C,OR6C76,MODERATE,Yes,No,0.06,2.88,3.83,4.699,B,0.389400270421,OR6C76#H307Q,2
,,,,,,,,,,,,,,,PT_1,A,0.119047619048,42,5
,,,,,,,,,,,,,,,PT_13,A,0.102564102564,39,3
19,44892225,T,ZNF285,MODERATE,Yes,No,0.49,-2.02,3.86,6.3993,B,0.178023214286,ZNF285#K61T,2
,,,,,,,,,,,,,,,PT_1,G,0.104347826087,115,12
,,,,,,,,,,,,,,,PT_9,G,0.10989010989,182,19
15,58001174,A,POLR2M#GCOM1,MODIFIER#MODERATE,Yes,No,0.02,-0.124,5.25,6.1364,B,0.354578571429,POLR2M#|POLR2M#|GCOM1#|GCOM1#|POLR2M#T126P,2
,,,,,,,,,,,,,,,PT_1,C,0.12,25,3
,,,,,,,,,,,,,,,PT_9,C,0.21875,64,14
19,54802548,G,LILRA3,MODERATE,Yes,No,1.0,-0.337,2.03,6.5221,B,0.116466071429,LILRA3#S234Y|LILRA3#S298Y,2
,,,,,,,,,,,,,,,PT_11,T,0.112676056338,71,7
,,,,,,,,,,,,,,,PT_10,T,0.163265306122,49,7
17,7577046,C,TP53,HIGH,Yes,No,0.35,-4.03,5.26,5.9489,NA,0.249973809524,TP53#E166*|TP53#E166*|TP53#E166*|TP53#E259*|TP53#E298*|TP53#E298*|TP53#E298*|TP53#E298*,2
,,,,,,,,,,,,,,,PT_11,A,0.264150943396,106,27
,,,,,,,,,,,,,,,PT_12,A,0.35,80,28
3,195508502,C,MUC4,MODIFIER#MODERATE,Yes,No,NA,-0.846,0.423,NA,B,0.0,MUC4#|MUC4#|MUC4#D3317N,2
,,,,,,,,,,,,,,,PT_10,T,0.101449275362,138,13
,,,,,,,,,,,,,,,PT_12,T,0.232558139535,43,10
4,1388635,T,CRIPAK,MODERATE#LOW,Yes,No,0.34,-1.08,0.948,4.049,NA,0.206404761905,CRIPAK#C112W|CRIPAK#C112,2
,,,,,,,,,,,,,,,PT_11,C,0.255033557047,149,38
,,,,,,,,,,,,,,,PT_10,C,0.362573099415,171,61
9,43894176,C,FAM75A5#FAM75A7#ANKRD20A3#LOC643648#FOXD4L4#CNTNAP3B#FOXD4L2#LOC286297,MODIFIER#MODERATE,Yes,No,0.17,2.73,2.73,12.4715,NA,0.768607142857,ANKRD20A3#|FAM75A5#|FAM75A7#|FOXD4L2#|FOXD4L4#|LOC286297#|LOC643648#|CNTNAP3B#T951M,2
,,,,,,,,,,,,,,,PT_11,T,0.115789473684,190,21
,,,,,,,,,,,,,,,PT_10,T,0.137614678899,218,29
9,39088510,G,CNTNAP3,MODERATE,Yes,No,0.63,-0.0541,3.0,5.8919,B,0.2764625,CNTNAP3#L1044V,2
,,,,,,,,,,,,,,,PT_1,C,0.371428571429,35,13
,,,,,,,,,,,,,,,PT_12,C,0.202325581395,430,86
10,93394,G,TUBB8,MODERATE,Yes,No,1.0,NA,NA,2.6649,B,0.06345,TUBB8#A313V,2
,,,,,,,,,,,,,,,PT_11,A,0.189349112426,169,31
,,,,,,,,,,,,,,,PT_12,A,0.177914110429,163,28
17,44430254,G,MIR4315-2#MIR4315-1#ARL17B#ARL17A,MODIFIER#MODERATE,Yes,No,0.07,2.89,2.89,11.9465,B,0.579580357143,MIR4315-1#|MIR4315-2#|ARL17A#A64G|ARL17B#A64G|ARL17A#A64G|ARL17B#A64G,2
,,,,,,,,,,,,,,,PT_11,C,0.168103448276,232,39
,,,,,,,,,,,,,,,PT_10,C,0.20987654321,81,17
12,53298675,A,KRT8,MODIFIER#MODERATE,Yes,No,0.99,-8.11,4.05,6.5956,B,0.119028571429,KRT8#|KRT8#S31A|KRT8#S31A|KRT8#S59A,2
,,,,,,,,,,,,,,,PT_1,C,0.151162790698,86,13
,,,,,,,,,,,,,,,PT_10,C,0.152173913043,46,6
19,48887649,T,SNAR-A14#SNAR-A11#SNAR-A10#SNAR-A9#SNAR-A8#SNAR-A3#KDELR1#SNAR-A7#SNAR-A6#SNAR-A5#SNAR-A4,MODIFIER#MODERATE,Yes,No,0.0,4.75,4.75,13.6682,D,0.969075,SNAR-A10#|SNAR-A11#|SNAR-A14#|SNAR-A3#|SNAR-A4#|SNAR-A5#|SNAR-A6#|SNAR-A7#|SNAR-A8#|SNAR-A9#|KDELR1#T148P,2
,,,,,,,,,,,,,,,PT_1,G,0.130434782609,46,6
,,,,,,,,,,,,,,,PT_10,G,0.115384615385,26,3
7,76109831,C,DTX2,MODERATE,Yes,No,0.01,5.38,5.38,16.6307,D,0.9725,DTX2#A2V|DTX2#A2V|DTX2#A2V|DTX2#A2V,2
,,,,,,,,,,,,,,,PT_1,T,0.176470588235,51,8
,,,,,,,,,,,,,,,PT_10,T,0.214285714286,42,9
4,71347171,C,MUC7,MODERATE,Yes,No,NA,1.17,2.03,6.8415,B,0.655011083744,MUC7#A237G|MUC7#A237G|MUC7#A237G|MUC7#A237V|MUC7#A237V|MUC7#A237V,1
,,,,,,,,,,,,,,,PT_1,T,0.189873417722,158,30
4,1388786,G,CRIPAK,MODERATE,Yes,No,0.22,-2.49,1.25,0.6983,NA,0.146626190476,CRIPAK#D163N|CRIPAK#D163H,1
,,,,,,,,,,,,,,,PT_11,C,0.125,224,28
1,109838960,G,MYBPHL,HIGH,Yes,No,0.67,0.756,5.01,5.1758,NA,0.228532734531,MYBPHL#R255*,1
,,,,,,,,,,,,,,,PT_3,A,0.1875,32,6
1,85029489,T,CTBS,MODERATE,Yes,No,0.04,5.72,5.72,16.0168,D,0.965,CTBS#I242F,1
,,,,,,,,,,,,,,,PT_11,A,0.465517241379,58,26
9,133961019,C,LAMC3,MODERATE,Yes,No,NA,0.869,5.11,7.328,NA,0.346743639922,LAMC3#A1380V,1
,,,,,,,,,,,,,,,PT_2,T,0.1,20,2
12,21331626,G,SLCO1B1,MODERATE,Yes,No,0.2,3.71,3.71,6.1548,P,0.584907142857,SLCO1B1#A200S,1
,,,,,,,,,,,,,,,PT_13,T,0.105263157895,171,18
6,10756728,C,TMEM14B,MODERATE,Yes,No,0.0,1.3,3.75,9.9351,NA,0.685438888889,TMEM14B#R108C|TMEM14B#R74C,1
,,,,,,,,,,,,,,,PT_1,T,0.160714285714,56,8
22,30198019,G,ASCC2,MODERATE,Yes,No,0.05,4.6,5.64,4.0919,B,0.514470352077,ASCC2#A435G|ASCC2#A511G,1
,,,,,,,,,,,,,,,PT_1,C,0.114285714286,35,4
1,55337283,C,DHCR24,MODERATE,Yes,No,0.07,5.13,5.13,18.9673,P,0.74125,DHCR24#E206K,1
,,,,,,,,,,,,,,,PT_2,T,0.379310344828,29,11
10,28250610,C,ARMC4,MODERATE,Yes,No,0.01,5.4,5.4,18.3066,B,0.7475,ARMC4#D425Y,1
,,,,,,,,,,,,,,,PT_1,A,0.204188481675,191,38
4,189026085,T,TRIML2,MODERATE,Yes,No,0.41,-0.939,4.63,1.1652,B,0.0945571428571,TRIML2#K14R,1
,,,,,,,,,,,,,,,PT_13,C,0.642857142857,42,26
22,42914033,T,RRP7A,MODERATE,Yes,No,0.0,3.99,3.99,13.1427,D,0.959691071429,RRP7A#N65S,1
,,,,,,,,,,,,,,,PT_1,C,0.524590163934,61,31
12,11286164,G,MIR1244-3#MIR1244-2#MIR1244-1#PRH1-PRR4#TAS2R30,MODIFIER#MODERATE,Yes,No,0.11,2.6,2.6,8.7017,P,0.6416375,MIR1244-1#|MIR1244-2#|MIR1244-3#|PRH1-PRR4#|TAS2R30#A227V,1
,,,,,,,,,,,,,,,PT_12,A,0.164874551971,279,45
20,31671214,C,BPIFB4,MODERATE,Yes,No,0.14,1.8,2.89,6.379,B,0.377120056846,BPIFB4#P71S,1
,,,,,,,,,,,,,,,PT_13,T,0.377049180328,61,23
12,8672850,G,CLEC4D,MODERATE,Yes,No,0.69,-4.99,4.82,7.4375,B,0.1715625,CLEC4D#R138Q,1
,,,,,,,,,,,,,,,PT_13,A,0.433333333333,30,12
10,128192680,A,C10orf90,MODERATE,Yes,No,NA,-5.16,5.06,2.7717,NA,0.0989892857143,C10orf90#S363R,1
,,,,,,,,,,,,,,,PT_6,C,0.102941176471,68,7
19,47856397,G,DHX34,MODERATE,Yes,No,0.33,3.72,5.84,9.8152,B,0.418268003914,DHX34#R37H,1
,,,,,,,,,,,,,,,PT_9,A,0.677966101695,59,40
2,37152342,C,STRN,MODERATE,Yes,No,0.05,5.16,5.16,17.4167,D,0.9625,STRN#A82T,1
,,,,,,,,,,,,,,,PT_9,T,0.14953271028,107,15
2,179666976,G,TTN,MODERATE,Yes,No,0.0,5.74,5.74,19.9189,D,0.975,TTN#R62G|TTN#R62G|TTN#R62G|TTN#R62G|TTN#R62G|TTN#R62G,1
,,,,,,,,,,,,,,,PT_13,C,0.113636363636,44,4
16,28947909,A,CD19,MODERATE,Yes,No,0.09,-4.46,4.41,0.4738,B,0.122210714286,CD19#T358P|CD19#T358P,1
,,,,,,,,,,,,,,,PT_10,C,0.113636363636,44,4
5,24487993,C,CDH10,MODERATE,Yes,No,0.31,5.68,5.68,13.713,B,0.581125,CDH10#E716K,1
,,,,,,,,,,,,,,,PT_12,T,0.134831460674,89,11
8,12043908,A,LOC100133267#FAM86B1#DEFB130,MODIFIER#MODERATE,Yes,No,1.0,0.247,1.17,6.0165,B,0.160215277778,DEFB130#|LOC100133267#|FAM86B1#|FAM86B1#M198T,1
,,,,,,,,,,,,,,,PT_10,G,0.226666666667,75,17
17,15640806,A,TBC1D26,MODERATE,Yes,No,0.08,-1.78,0.888,1.5879,B,0.143355357143,TBC1D26#E56A,1
,,,,,,,,,,,,,,,PT_12,C,0.392857142857,28,10
17,39659664,C,KRT13,MODERATE,Yes,No,0.0,4.4,4.4,17.5315,D,0.975,KRT13#V204M|KRT13#V204M,1
,,,,,,,,,,,,,,,PT_10,T,0.416666666667,48,20
20,35668595,C,RBL1,MODERATE,Yes,No,0.41,4.89,4.89,13.5622,P,0.690932142857,RBL1#V622F|RBL1#V622F,1
,,,,,,,,,,,,,,,PT_9,A,0.202492211838,321,64
1,177245370,G,FAM5B,MODERATE,Yes,No,0.06,6.07,6.07,13.4513,D,0.832701785714,FAM5B#R271H,1
,,,,,,,,,,,,,,,PT_12,A,0.369230769231,65,24
4,96761690,G,PDHA2,MODERATE,Yes,No,0.21,1.53,4.77,3.9868,B,0.250131536388,PDHA2#R130P,1
,,,,,,,,,,,,,,,PT_13,C,0.439024390244,82,36
19,55147987,G,LILRB1,MODERATE,Yes,No,1.0,0.518,1.59,3.9648,B,0.152246540881,LILRB1#E564Q|LILRB1#E565Q|LILRB1#E565Q|LILRB1#E566Q,1
,,,,,,,,,,,,,,,PT_1,C,0.126126126126,111,13
22,16287661,G,POTEH,MODERATE#LOW,Yes,No,0.03,NA,NA,NA,.,0.735,POTEH#S75R|POTEH#S75,1
,,,,,,,,,,,,,,,PT_11,A,0.34008683068,691,234
7,143175669,C,TAS2R41#LOC285965,MODIFIER#MODERATE,Yes,No,0.02,1.3,6.0,8.0564,D,0.668030952381,LOC285965#|TAS2R41#S235Y,1
,,,,,,,,,,,,,,,PT_12,A,0.685185185185,54,36
5,149514398,G,PDGFRB,MODERATE,Yes,No,0.22,4.16,5.95,9.3466,B,0.439193487395,PDGFRB#I182M,1
,,,,,,,,,,,,,,,PT_9,C,0.143617021277,188,27
3,121001127,C,STXBP5L,MODERATE,Yes,No,0.03,5.75,5.75,19.9381,D,0.9675,STXBP5L#R709C,1
,,,,,,,,,,,,,,,PT_1,T,0.3125,48,15
10,16932384,G,CUBN,MODERATE,Yes,No,0.15,4.55,5.47,14.0049,D,0.789202468007,CUBN#A2914V,1
,,,,,,,,,,,,,,,PT_10,A,0.379746835443,79,29
17,72277978,G,DNAI2,MODERATE,Yes,No,0.49,-9.78,5.22,7.1971,B,0.192269642857,DNAI2#V8I|DNAI2#V8I,1
,,,,,,,,,,,,,,,PT_3,A,0.107142857143,28,3
9,90343265,C,CTSL1,MODIFIER#MODERATE,Yes,No,0.07,2.56,4.51,9.0952,B,0.420571159328,CTSL1#|CTSL1#S117Y|CTSL1#S117Y|CTSL1#S117Y|CTSL1#S117Y,1
,,,,,,,,,,,,,,,PT_13,A,0.268656716418,67,18
1,155732034,C,GON4L,MODIFIER#MODERATE,Yes,No,0.0,5.13,5.13,18.371,D,0.975,GON4L#|GON4L#D1620Y,1
,,,,,,,,,,,,,,,PT_10,A,0.257510729614,233,60
5,44388688,C,FGF10,MODERATE,Yes,No,0.81,0.67,4.72,2.1359,B,0.0973783595642,FGF10#V33I,1
,,,,,,,,,,,,,,,PT_13,T,0.511627906977,43,22
14,90450919,C,TDP1,HIGH,Yes,No,1.0,4.57,5.47,15.2178,NA,0.61182205972,TDP1#S315*|TDP1#S315*,1
,,,,,,,,,,,,,,,PT_3,A,0.566666666667,60,34
6,151907196,G,CCDC170,MODERATE,Yes,No,0.18,1.18,5.49,6.8694,B,0.278901919074,CCDC170#R422Q,1
,,,,,,,,,,,,,,,PT_12,A,0.114285714286,35,4
13,23912029,C,SACS,MODERATE,Yes,No,0.0,5.79,5.79,20.0368,D,0.975,SACS#D1996Y,1
,,,,,,,,,,,,,,,PT_11,A,0.1,20,2
1,11589888,G,PTCHD2,MODERATE,Yes,No,0.58,4.05,4.97,7.3387,B,0.38727054829,PTCHD2#V992L,1
,,,,,,,,,,,,,,,PT_11,C,0.416666666667,60,25
11,118343378,G,MLL,MODERATE,Yes,No,0.1,5.32,5.32,14.9104,B,0.6125,MLL#E502K|MLL#E502K,1
,,,,,,,,,,,,,,,PT_12,A,0.472081218274,197,92
8,133015528,A,EFR3A,MODERATE,Yes,No,0.53,3.08,5.44,9.1176,B,0.363108403361,EFR3A#I786V,1
,,,,,,,,,,,,,,,PT_10,G,0.133333333333,105,13
7,151962265,C,MLL3,MODERATE,Yes,No,0.38,4.65,4.65,17.9157,D,0.8025,MLL3#D348N,1
,,,,,,,,,,,,,,,PT_12,T,0.108974358974,312,33
18,9122638,G,NDUFV2,MODERATE,Yes,No,0.29,5.93,5.93,20.3397,D,0.81375,NDUFV2#R143P,1
,,,,,,,,,,,,,,,PT_6,C,0.216216216216,37,7
16,71610158,T,TAT,MODERATE,Yes,No,0.16,6.01,6.01,16.5206,D,0.83,TAT#N54T,1
,,,,,,,,,,,,,,,PT_1,G,0.111111111111,54,5
11,47290239,C,MADD#NR1H3,MODERATE#MODIFIER,Yes,No,0.01,3.87,5.8,14.5079,B,0.789310344828,NR1H3#H386Y|NR1H3#H401Y|NR1H3#H446Y|NR1H3#H452Y|NR1H3#H452Y|MADD#|MADD#|MADD#|MADD#|MADD#|MADD#|MADD#|MADD#|MADD#|MADD#,1
,,,,,,,,,,,,,,,PT_12,T,0.159420289855,69,10
1,148004714,G,PPIAL4A#PPIAL4C#PPIAL4B#LOC728855#NBPF14,MODIFIER#MODERATE,Yes,No,0.0,0.445,0.445,NA,D,0.966666666667,LOC728855#|PPIAL4A#|PPIAL4B#|PPIAL4C#|NBPF14#S867L,1
,,,,,,,,,,,,,,,PT_12,A,0.107142857143,112,12
3,195509423,G,MUC4,MODIFIER#MODERATE,Yes,No,NA,NA,NA,4.9831,D,0.627967857143,MUC4#|MUC4#|MUC4#P3010S,1
,,,,,,,,,,,,,,,PT_1,A,0.12,325,39
16,2569573,G,ATP6V0C#AMDHD2,MODERATE#MODIFIER,Yes,No,0.0,4.13,5.08,11.883,P,0.790444460067,ATP6V0C#V99L|ATP6V0C#V99L|ATP6V0C#V99L|ATP6V0C#V99L|AMDHD2#|AMDHD2#,1
,,,,,,,,,,,,,,,PT_12,G,0.193548387097,31,6
20,49575510,T,MOCS3#DPM1,MODERATE#MODIFIER,Yes,No,NA,-1.64,5.02,1.6924,B,0.0402952380952,MOCS3#V44G|DPM1#,1
,,,,,,,,,,,,,,,PT_11,G,0.105633802817,142,15
6,30954347,C,MUC21,MODERATE,Yes,No,NA,2.1,3.01,7.2947,B,0.406241472868,MUC21#A132V,1
,,,,,,,,,,,,,,,PT_11,T,0.103225806452,310,32
1,119575743,G,WARS2,MODERATE#MODIFIER,Yes,No,0.05,2.98,5.87,7.3058,B,0.494877238988,WARS2#R292C|WARS2#,1
,,,,,,,,,,,,,,,PT_11,A,0.585365853659,82,48
12,71978408,G,LGR5,MODERATE,Yes,No,0.09,3.97,5.91,6.4175,B,0.396283916485,LGR5#S873I,1
,,,,,,,,,,,,,,,PT_3,T,0.27374301676,179,49
1,207286467,C,C4BPA,MODERATE,Yes,No,0.12,3.96,4.88,8.4232,D,0.688283138173,C4BPA#L33V,1
,,,,,,,,,,,,,,,PT_13,G,0.4625,80,37
19,33490500,C,RHPN2,MODERATE,Yes,No,0.27,-6.97,4.72,3.3955,B,0.151883928571,RHPN2#R406Q,1
,,,,,,,,,,,,,,,PT_9,T,0.153846153846,65,9
4,70066376,C,UGT2B11,MODERATE,Yes,No,0.0,1.27,1.27,8.4963,D,0.876719642857,UGT2B11#D458H,1
,,,,,,,,,,,,,,,PT_9,G,0.188235294118,255,48
16,30903949,C,BCL7C#MIR762#CTF1,MODERATE#MODIFIER,Yes,No,0.04,2.25,5.08,5.0928,B,0.4416712036,BCL7C#V134I|BCL7C#V134L|BCL7C#V134F|CTF1#|CTF1#|MIR762#,1
,,,,,,,,,,,,,,,PT_11,C,0.106060606061,66,7
,,,,,,,,,,,,,,,PT_11,G,0.151515151515,66,9
6,158900927,G,TULP4,MODERATE,Yes,No,0.46,5.63,5.63,19.6786,B,0.6925,TULP4#E391K|TULP4#E391K,1
,,,,,,,,,,,,,,,PT_12,A,0.125,72,9
9,100137761,G,C9orf174#BDAG1,MODIFIER#MODERATE,Yes,No,0.15,-1.09,5.58,6.3114,B,0.218953571429,BDAG1#|BDAG1#|BDAG1#|C9orf174#E1622K,1
,,,,,,,,,,,,,,,PT_13,A,0.607142857143,28,17
4,57797265,A,REST,MODERATE,Yes,No,0.49,-0.295,2.44,7.3068,B,0.194228571429,REST#I747M|REST#I747M,1
,,,,,,,,,,,,,,,PT_12,G,0.104545454545,220,22
17,43246422,G,HEXIM2,MODERATE,Yes,No,0.13,4.27,5.24,12.0705,B,0.528016016903,HEXIM2#R36L,1
,,,,,,,,,,,,,,,PT_1,T,0.125,32,4
2,170177304,G,LRP2,MODERATE,Yes,No,NA,5.79,5.79,20.024,B,0.666666666667,LRP2#A57V,1
,,,,,,,,,,,,,,,PT_13,A,0.411642411642,481,197
16,28884493,C,SH2B1,MODIFIER#MODERATE#LOW,Yes,No,0.02,2.82,5.01,8.7091,B,0.666238205731,SH2B1#|SH2B1#R634W|SH2B1#R634W|SH2B1#R634W|SH2B1#A651,1
,,,,,,,,,,,,,,,PT_9,T,0.1,20,2
5,176893942,C,DBN1,MODERATE,Yes,No,0.46,4.99,4.99,11.5492,P,0.648735714286,DBN1#R226Q|DBN1#R228Q,1
,,,,,,,,,,,,,,,PT_11,T,0.48,50,24
18,9887416,A,TXNDC2,MODERATE,Yes,No,NA,-1.32,4.52,1.0808,B,0.0257333333333,TXNDC2#I247L|TXNDC2#I314L,1
,,,,,,,,,,,,,,,PT_1,C,0.108108108108,74,7
9,139399422,A,NOTCH1,MODERATE,Yes,No,0.0,4.08,4.08,12.2243,D,0.943291071429,NOTCH1#L1574P,1
,,,,,,,,,,,,,,,PT_6,G,0.363057324841,157,57
9,19619680,C,SLC24A2,MODERATE,Yes,No,NA,5.8,5.8,19.6614,B,0.833333333333,SLC24A2#R327H|SLC24A2#R327H,1
,,,,,,,,,,,,,,,PT_6,T,0.1,20,2
19,49657582,T,PPFIA3#SNAR-A14#SNAR-A11#SNAR-A10#TRPM4#SNAR-A9#SNAR-A8#HRC#SNAR-A3#SNAR-A7#SNAR-A6#SNAR-A5#SNAR-A4,MODIFIER#MODERATE,Yes,No,1.0,2.45,2.45,5.6115,B,0.350205357143,PPFIA3#|SNAR-A10#|SNAR-A11#|SNAR-A14#|SNAR-A3#|SNAR-A4#|SNAR-A5#|SNAR-A6#|SNAR-A7#|SNAR-A8#|SNAR-A9#|HRC#N305D|TRPM4#|TRPM4#,1
,,,,,,,,,,,,,,,PT_2,C,0.16091954023,261,42
1,153276372,T,PGLYRP3,MODERATE,Yes,No,0.34,-2.72,4.3,0.864,B,0.0979285714286,PGLYRP3#T164P,1
,,,,,,,,,,,,,,,PT_1,G,0.145833333333,48,6
15,79057989,C,ADAMTS7,MODERATE,Yes,No,0.83,-8.41,4.21,13.64,B,0.264821428571,ADAMTS7#E1422K,1
,,,,,,,,,,,,,,,PT_9,T,0.147058823529,102,14
3,195509563,A,MUC4,MODIFIER#MODERATE,Yes,No,NA,NA,NA,1.4974,D,0.503478571429,MUC4#|MUC4#|MUC4#V2963D|MUC4#V2963A,1
,,,,,,,,,,,,,,,PT_11,T,0.119487908962,703,84
13,97639260,C,OXGR1,MODERATE,Yes,No,0.75,-1.51,5.83,13.4167,B,0.270833928571,OXGR1#V252I,1
,,,,,,,,,,,,,,,PT_6,T,0.1,30,3
14,23311717,G,MMP14,MODERATE,Yes,No,0.24,5.53,5.53,18.2247,B,0.595,MMP14#R160L,1
,,,,,,,,,,,,,,,PT_1,T,0.1875,48,9
3,195515290,C,MUC4,MODIFIER#MODERATE,Yes,No,NA,-2.01,1.0,5.9202,B,0.140957142857,MUC4#|MUC4#|MUC4#S1054T,1
,,,,,,,,,,,,,,,PT_12,G,0.129963898917,277,36
7,151927016,T,MLL3,MODERATE,Yes,No,0.24,4.67,4.67,14.4054,D,0.82,MLL3#S990G,1
,,,,,,,,,,,,,,,PT_10,C,0.126011560694,865,109
17,39274206,C,KRTAP4-11,MODERATE,Yes,No,0.64,-4.84,3.34,2.2508,B,0.0851928571429,KRTAP4-11#R121K,1
,,,,,,,,,,,,,,,PT_1,T,0.134453781513,119,16
2,238296735,G,COL6A3,MODIFIER#MODERATE,Yes,No,0.04,2.08,5.43,6.6643,B,0.454769629703,COL6A3#|COL6A3#|COL6A3#L268F|COL6A3#L62F|COL6A3#L62F,1
,,,,,,,,,,,,,,,PT_3,A,0.1,20,2
5,23527492,A,PRDM9,MODERATE,Yes,No,0.78,-5.91,2.95,6.3167,B,0.140298214286,PRDM9#R765S,1
,,,,,,,,,,,,,,,PT_1,T,0.194736842105,190,36
19,36206207,C,ZBTB32#MLL4,MODERATE#MODIFIER,Yes,No,0.0,-4.7,4.53,0.902,B,0.266107142857,ZBTB32#R227C|MLL4#,1
,,,,,,,,,,,,,,,PT_13,T,0.459459459459,37,16
1,145299809,G,FLJ39739#PPIAL4A#PPIAL4C#PPIAL4B#LOC728855#NBPF10,MODIFIER#MODERATE,Yes,No,0.05,-0.082,1.05,4.7437,B,0.322208928571,FLJ39739#|LOC728855#|PPIAL4A#|PPIAL4B#|PPIAL4C#|NBPF10#M286I,1
,,,,,,,,,,,,,,,PT_11,A,0.113876319759,1326,151
1,145299805,A,FLJ39739#PPIAL4A#PPIAL4C#PPIAL4B#LOC728855#NBPF10,MODIFIER#MODERATE,Yes,No,0.02,1.05,1.05,4.3442,P,0.697575,FLJ39739#|LOC728855#|PPIAL4A#|PPIAL4B#|PPIAL4C#|NBPF10#E285A,1
,,,,,,,,,,,,,,,PT_11,C,0.109510086455,1388,151
14,81329207,C,CEP128,MODERATE,Yes,No,0.15,5.98,5.98,19.2276,D,0.83125,CEP128#R219Q,1
,,,,,,,,,,,,,,,PT_11,T,0.66,50,33
1,38186486,A,EPHA10,MODERATE,Yes,No,0.0,4.41,4.41,13.1433,D,0.959701785714,EPHA10#M726T,1
,,,,,,,,,,,,,,,PT_6,G,0.857142857143,28,24
19,1440068,G,DAZAP1#RPS15,MODIFIER#MODERATE,Yes,No,0.08,3.21,4.26,11.4241,B,0.507382067404,DAZAP1#|DAZAP1#|RPS15#R47P,1
,,,,,,,,,,,,,,,PT_1,C,0.363636363636,22,7
6,16327915,A,ATXN1,MODERATE,Yes,No,0.46,-0.093,0.0465,NA,B,0.09,ATXN1#H209Q|ATXN1#H209Q,1
,,,,,,,,,,,,,,,PT_1,C,0.240740740741,54,13
13,28240029,A,POLR1D,MODERATE,Yes,No,0.41,-5.47,5.92,2.7509,B,0.122873214286,POLR1D#Y103S|POLR1D#Y75S,1
,,,,,,,,,,,,,,,PT_3,C,0.130434782609,23,3
17,7577142,C,TP53,HIGH,Yes,No,0.0,5.13,5.13,16.1198,NA,1.0,TP53#G134*|TP53#G134*|TP53#G134*|TP53#G227*|TP53#G266*|TP53#G266*|TP53#G266*|TP53#G266*,1
,,,,,,,,,,,,,,,PT_9,A,0.175,40,7
1,117122285,G,IGSF3,MODERATE,Yes,No,1.0,0.329,0.329,NA,B,0.333333333333,IGSF3#D1021E|IGSF3#D1041E,1
,,,,,,,,,,,,,,,PT_6,C,0.113300492611,203,23
4,190876269,T,FRG1,MODERATE,Yes,No,0.03,4.04,4.04,11.3071,B,0.6944125,FRG1#I132T,1
,,,,,,,,,,,,,,,PT_1,C,0.11884057971,345,40
19,55147988,A,LILRB1,MODERATE,Yes,No,0.25,-2.69,1.59,3.7184,B,0.16015,LILRB1#E564A|LILRB1#E565A|LILRB1#E565A|LILRB1#E566A,1
,,,,,,,,,,,,,,,PT_1,C,0.127272727273,110,14
19,44932726,C,ZNF229,MODERATE,Yes,No,0.01,-2.96,4.04,5.8061,P,0.476180357143,ZNF229#V744M,1
,,,,,,,,,,,,,,,PT_12,T,0.5,44,22
12,123200237,C,HCAR3,MODERATE,Yes,No,0.64,-5.98,2.99,5.9683,B,0.151576785714,HCAR3#G350S,1
,,,,,,,,,,,,,,,PT_13,T,0.43661971831,71,31
10,46254776,A,FAM21C,MODERATE,Yes,No,1.0,3.26,3.26,9.8043,B,0.425076785714,FAM21C#Y497S|FAM21C#Y521S|FAM21C#Y521S,1
,,,,,,,,,,,,,,,PT_1,C,0.142857142857,21,2
16,2287496,T,E4F1#ECI1#DNASE1L2,MODIFIER#MODERATE,Yes,No,0.23,0.131,0.131,NA,B,0.461666666667,E4F1#|ECI1#|ECI1#|DNASE1L2#L146P,1
,,,,,,,,,,,,,,,PT_13,C,0.147058823529,34,4
12,50745858,T,FAM186A,MODERATE,Yes,No,0.31,-8.22,4.11,11.0464,B,0.283507142857,FAM186A#E1586A|FAM186A#E1586G,1
,,,,,,,,,,,,,,,PT_1,G,0.239361702128,188,45
1,46073697,C,NASP,MODIFIER#MODERATE,Yes,No,NA,3.01,5.27,5.0466,B,0.310542974609,NASP#|NASP#P308T|NASP#P372T,1
,,,,,,,,,,,,,,,PT_1,A,0.148936170213,47,7
3,49723881,G,APEH#RNF123#MST1,MODIFIER#MODERATE,Yes,No,0.06,4.75,5.67,14.5452,B,0.576935626102,APEH#|MST1#T294S|RNF123#,1
,,,,,,,,,,,,,,,PT_11,C,0.1,70,7
17,41907409,T,MPP3,MODIFIER#MODERATE,Yes,No,0.14,4.63,4.63,13.862,P,0.730035714286,MPP3#|MPP3#T97P,1
,,,,,,,,,,,,,,,PT_11,G,0.111111111111,54,5
12,106820987,C,POLR3B,MODERATE,Yes,No,0.0,4.73,5.62,11.6653,P,0.79371818124,POLR3B#L314F|POLR3B#L372F,1
,,,,,,,,,,,,,,,PT_12,T,0.45,20,9
1,145021150,T,FLJ39739#PPIAL4A#PDE4DIP#PPIAL4C#PPIAL4B#LOC728855,MODIFIER#MODERATE,Yes,No,0.01,4.33,4.33,9.8293,P,0.798023214286,FLJ39739#|LOC728855#|PPIAL4A#|PPIAL4B#|PPIAL4C#|PDE4DIP#D13G|PDE4DIP#D84G,1
,,,,,,,,,,,,,,,PT_13,C,0.138263665595,311,43
11,1651615,A,MOB2#KRTAP5-5,MODIFIER#MODERATE,Yes,No,0.19,0.448,3.69,3.2614,B,0.189841589237,MOB2#|KRTAP5-5#Y182S|KRTAP5-5#Y182C,1
,,,,,,,,,,,,,,,PT_10,G,0.111111111111,108,11
17,7578442,T,TP53,MODERATE,Yes,No,0.0,3.32,5.59,9.5833,D,0.794609784692,TP53#Y124C|TP53#Y163C|TP53#Y163C|TP53#Y163C|TP53#Y163C|TP53#Y31C|TP53#Y31C|TP53#Y31C,1
,,,,,,,,,,,,,,,PT_6,C,0.716981132075,159,113
11,55433333,C,OR4C6,MODERATE,Yes,No,0.01,-8.14,4.07,6.9124,B,0.370935714286,OR4C6#R231W,1
,,,,,,,,,,,,,,,PT_9,T,0.504043126685,371,187
7,142612149,C,TRPV5,MODERATE,Yes,No,0.2,5.54,5.54,11.8717,B,0.561994642857,TRPV5#V452L,1
,,,,,,,,,,,,,,,PT_3,A,0.285714285714,21,5
6,30954572,C,MUC21,MODERATE,Yes,No,NA,-1.98,3.86,0.8413,B,0.020030952381,MUC21#A207V,1
,,,,,,,,,,,,,,,PT_11,T,0.112068965517,348,38
1,158592861,G,SPTA1,MODERATE,Yes,No,1.0,0.669,4.78,5.4632,B,0.132546682606,SPTA1#A2011D,1
,,,,,,,,,,,,,,,PT_12,T,0.200607902736,329,66
2,97869979,G,MIR4435-2#ANKRD36#MIR4435-1,MODIFIER#MODERATE,Yes,No,0.07,0.63,0.63,NA,D,0.788333333333,MIR4435-1#|MIR4435-2#|ANKRD36#D1014Y,1
,,,,,,,,,,,,,,,PT_9,T,0.1,70,7
20,18295980,C,ZNF133,MODERATE,Yes,No,0.47,1.23,4.29,4.3884,B,0.216292607393,ZNF133#T161I|ZNF133#T161I,1
,,,,,,,,,,,,,,,PT_11,T,0.691011235955,178,122
1,115828691,T,NGF,HIGH,Yes,No,NA,4.87,4.87,9.0041,NA,0.821575,NGF#*242C,1
,,,,,,,,,,,,,,,PT_11,G,0.135135135135,74,9
3,195513413,G,MUC4,MODIFIER#MODERATE,Yes,No,NA,0.423,0.423,3.4645,B,0.415821428571,MUC4#|MUC4#|MUC4#P1680S,1
,,,,,,,,,,,,,,,PT_10,A,0.123844731978,541,67
9,21974675,A,CDKN2A,HIGH#MODIFIER#MODERATE,Yes,No,NA,NA,NA,NA,NA,NA,CDKN2A#|CDKN2A#|CDKN2A#|CDKN2A#V51G|CDKN2A#|CDKN2A#,1
,,,,,,,,,,,,,,,PT_3,C,0.12389380531,113,14
19,15163075,C,CASP14,MODERATE,Yes,No,0.04,-0.76,4.2,1.9888,B,0.275514285714,CASP14#R5W,1
,,,,,,,,,,,,,,,PT_13,T,0.615384615385,26,16
16,2049715,G,ZNF598,MODERATE,Yes,No,0.08,2.39,4.41,5.1072,B,0.341687528345,ZNF598#P612R,1
,,,,,,,,,,,,,,,PT_2,C,0.51724137931,145,74
2,219498439,T,PLCD4#ZNF142,MODIFIER#MODERATE,Yes,No,0.03,4.24,5.42,12.2532,D,0.881879098577,ZNF142#|PLCD4#S521P,1
,,,,,,,,,,,,,,,PT_2,C,0.609090909091,110,67
15,48450243,G,MYEF2,MODERATE,Yes,No,0.01,5.7,5.7,19.8344,B,0.7475,MYEF2#S311C,1
,,,,,,,,,,,,,,,PT_12,C,0.186666666667,75,14
17,42929110,G,EFTUD2#HIGD1B,MODIFIER#MODERATE,Yes,No,0.21,5.15,5.15,11.9895,D,0.787848214286,HIGD1B#|EFTUD2#R896G|EFTUD2#R931G,1
,,,,,,,,,,,,,,,PT_6,C,0.104166666667,48,5
19,53571637,C,ZNF160,MODERATE,Yes,No,0.18,-4.43,2.21,0.8491,B,0.1176625,ZNF160#R717L|ZNF160#R717L|ZNF160#R717L,1
,,,,,,,,,,,,,,,PT_10,A,0.164179104478,67,11
10,13230975,G,MCM10,MODERATE,Yes,No,0.61,4.71,5.62,11.7055,B,0.467296358668,MCM10#R437Q|MCM10#R438Q,1
,,,,,,,,,,,,,,,PT_3,A,0.1,20,2
12,57397042,G,ZBTB39,MODERATE,Yes,No,0.08,5.7,5.7,12.2924,D,0.809507142857,ZBTB39#R554C,1
,,,,,,,,,,,,,,,PT_1,A,0.125,24,3
19,47870310,A,DHX34,MODERATE,Yes,No,0.09,5.46,5.46,14.4994,B,0.61375,DHX34#T556A,1
,,,,,,,,,,,,,,,PT_11,G,0.144578313253,83,11
1,152277866,G,FLG,MODERATE,Yes,No,0.74,-3.99,2.22,3.7527,B,0.0995125,FLG#R3166S,1
,,,,,,,,,,,,,,,PT_10,T,0.323456790123,405,130
12,132626138,G,NOC4L#DDX51,MODERATE#MODIFIER,Yes,No,0.48,2.57,4.83,7.3611,B,0.329470988613,DDX51#R337G|NOC4L#,1
,,,,,,,,,,,,,,,PT_1,C,0.533333333333,45,23
2,114257296,A,CBWD2#FOXD4L1,MODIFIER#MODERATE,Yes,No,0.02,2.57,2.57,8.6531,D,0.874519642857,CBWD2#|FOXD4L1#I155V,1
,,,,,,,,,,,,,,,PT_9,G,0.139449541284,545,75
1,12887174,C,PRAMEF11,MODERATE,Yes,No,0.93,-1.16,1.48,4.3434,B,0.0863107142857,PRAMEF11#R228H,1
,,,,,,,,,,,,,,,PT_1,T,0.118421052632,228,27
7,92730678,A,SAMD9,MODERATE,Yes,No,0.15,3.3,4.44,9.2906,B,0.457964382239,SAMD9#I1578T|SAMD9#I1578T,1
,,,,,,,,,,,,,,,PT_12,G,0.391489361702,235,91
2,231775047,G,GPR55,MODERATE,Yes,No,0.21,2.8,4.76,7.4331,B,0.378542752101,GPR55#R211C,1
,,,,,,,,,,,,,,,PT_3,A,0.615384615385,39,24
16,58327680,C,PRSS54,MODERATE,Yes,No,0.06,3.42,4.38,8.9302,B,0.472173336595,PRSS54#R14Q,1
,,,,,,,,,,,,,,,PT_11,T,0.333333333333,24,7
17,77984172,G,TBC1D16,MODERATE,Yes,No,0.05,3.49,4.46,10.6899,B,0.624018874119,TBC1D16#T189M,1
,,,,,,,,,,,,,,,PT_2,A,0.576923076923,78,44
19,1119522,C,SBNO2,MODERATE,Yes,No,0.0,4.37,4.37,15.6321,D,0.975,SBNO2#E399K|SBNO2#E456K,1
,,,,,,,,,,,,,,,PT_10,T,0.1,20,2
17,263442,G,C17orf97,MODERATE,Yes,No,0.89,-4.08,2.04,1.3996,B,0.0387428571429,C17orf97#E270K,1
,,,,,,,,,,,,,,,PT_1,A,0.136363636364,44,6
4,4543612,A,STX18#LOC100507266,MODERATE#MODIFIER,Yes,No,0.44,3.8,5.0,2.8233,B,0.310416071429,STX18#V27G|LOC100507266#,1
,,,,,,,,,,,,,,,PT_10,C,0.105263157895,38,4
8,52733148,C,PCMTD1,MODERATE#LOW,Yes,No,0.26,4.17,5.97,11.224,.,0.592551687006,PCMTD1#K279N|PCMTD1#K279,1
,,,,,,,,,,,,,,,PT_3,T,0.291666666667,24,7
8,141874421,A,PTK2,MODERATE,Yes,No,0.0,5.27,5.27,14.1934,D,0.975,PTK2#F147C|PTK2#F147C|PTK2#F169C,1
,,,,,,,,,,,,,,,PT_9,C,0.305084745763,59,18
5,33891894,G,ADAMTS12,MODERATE,Yes,No,0.01,2.86,5.61,6.9611,B,0.499256337535,ADAMTS12#A23V,1
,,,,,,,,,,,,,,,PT_12,A,0.339667458432,421,142
1,228506882,G,OBSCN,MODERATE,Yes,No,0.32,4.03,4.03,16.3454,B,0.585,OBSCN#R4810L|OBSCN#R4810L,1
,,,,,,,,,,,,,,,PT_3,T,0.19587628866,97,19
12,109017680,T,SELPLG,MODERATE,Yes,No,0.29,-7.02,3.51,4.4646,B,0.168475,SELPLG#Q135P|SELPLG#Q151P,1
,,,,,,,,,,,,,,,PT_9,G,0.102564102564,78,7
2,160826660,G,PLA2R1,MODERATE,Yes,No,0.13,4.03,5.83,9.5692,B,0.452441607449,PLA2R1#R887C|PLA2R1#R887C|PLA2R1#R887C,1
,,,,,,,,,,,,,,,PT_6,A,0.481481481481,27,12
15,42160751,C,SPTBN5#MIR4310,MODERATE#MODIFIER,Yes,No,0.26,0.0762,4.85,5.4837,B,0.194351049337,SPTBN5#V1933M|MIR4310#,1
,,,,,,,,,,,,,,,PT_1,T,0.53488372093,43,22
19,49658040,A,PPFIA3#SNAR-A14#SNAR-A11#SNAR-A10#TRPM4#SNAR-A9#SNAR-A8#HRC#SNAR-A3#SNAR-A7#SNAR-A6#SNAR-A5#SNAR-A4,MODIFIER#MODERATE,Yes,No,0.23,0.544,2.68,3.0624,B,0.201681982942,PPFIA3#|SNAR-A10#|SNAR-A11#|SNAR-A14#|SNAR-A3#|SNAR-A4#|SNAR-A5#|SNAR-A6#|SNAR-A7#|SNAR-A8#|SNAR-A9#|HRC#L152P|TRPM4#|TRPM4#,1
,,,,,,,,,,,,,,,PT_9,G,0.106666666667,150,16
12,6030474,C,ANO2,MODERATE,Yes,No,0.58,4.16,5.05,11.116,P,0.581940594059,ANO2#R85H,1
,,,,,,,,,,,,,,,PT_2,T,0.506666666667,75,38
22,43572347,T,TTLL12,MODERATE,Yes,No,0.21,-0.974,5.22,6.7354,B,0.219025,TTLL12#H299P,1
,,,,,,,,,,,,,,,PT_12,G,0.12,25,3
3,195513541,T,MUC4,MODIFIER#MODERATE,Yes,No,NA,-0.646,0.323,0.3446,B,0.00820476190476,MUC4#|MUC4#|MUC4#N1637S,1
,,,,,,,,,,,,,,,PT_1,C,0.252427184466,721,181
12,8377346,A,FAM90A1,MODERATE,Yes,No,0.0,-1.41,0.706,NA,P,0.5,FAM90A1#V28G,1
,,,,,,,,,,,,,,,PT_11,C,0.12962962963,54,7
22,37964375,G,LGALS2#CDC42EP1,MODIFIER#MODERATE,Yes,No,0.33,1.3,2.34,4.2807,B,0.299079960317,LGALS2#|CDC42EP1#A242T|CDC42EP1#A242P|CDC42EP1#A242S,1
,,,,,,,,,,,,,,,PT_3,A,0.6,20,12
,,,,,,,,,,,,,,,PT_3,C,1.0,20,20
,,,,,,,,,,,,,,,PT_3,T,0.2,20,4
,,,,,,,,,,,,,,,PT_3,G,0.2,20,4
5,157161643,A,THG1L,MODERATE,Yes,No,0.14,5.95,5.95,16.4208,B,0.6075,THG1L#D143G,1
,,,,,,,,,,,,,,,PT_2,G,0.126984126984,126,15
2,54870254,C,SPTBN1,MODERATE,Yes,No,0.61,5.63,5.63,16.1992,B,0.54875,SPTBN1#D1318E|SPTBN1#D1331E,1
,,,,,,,,,,,,,,,PT_12,A,0.490909090909,55,26
5,180030287,A,FLT4,MODIFIER#MODERATE,Yes,No,0.01,3.46,4.62,10.0692,P,0.739536580087,FLT4#|FLT4#Y1333H,1
,,,,,,,,,,,,,,,PT_9,G,0.174418604651,86,14
9,136501728,C,DBH,MODERATE,Yes,No,0.02,3.21,5.24,15.2551,P,0.773148854962,DBH#R79W,1
,,,,,,,,,,,,,,,PT_12,T,0.407407407407,27,10
20,57429963,C,GNAS-AS1#GNAS,MODIFIER#MODERATE,Yes,No,0.71,2.36,4.57,12.0019,NA,0.506229983328,GNAS#|GNAS#R486S|GNAS#A548E|GNAS-AS1#,1
,,,,,,,,,,,,,,,PT_1,A,0.1,20,2
19,1207092,C,STK11,HIGH,Yes,No,0.86,1.41,3.9,5.1753,NA,0.267067582418,STK11#Y60*,1
,,,,,,,,,,,,,,,PT_1,A,0.289473684211,76,22
2,73868394,A,NAT8#ALMS1P,MODERATE#MODIFIER,Yes,No,0.69,-1.95,3.86,8.5516,B,0.191457142857,NAT8#M121T|ALMS1P#,1
,,,,,,,,,,,,,,,PT_10,G,0.686956521739,115,78
11,57971190,G,OR1S2,MODERATE,Yes,No,0.22,0.804,4.47,7.5141,B,0.276646800096,OR1S2#T155I,1
,,,,,,,,,,,,,,,PT_10,A,0.105263157895,38,4
14,95053793,G,SERPINA5,MODERATE,Yes,No,1.0,-5.1,4.43,2.6649,B,0.0475875,SERPINA5#E32K,1
,,,,,,,,,,,,,,,PT_10,A,0.494382022472,89,44
4,88537509,A,DSPP,MODERATE,Yes,No,0.52,-1.24,2.7,6.2142,B,0.170967857143,DSPP#N1232S,1
,,,,,,,,,,,,,,,PT_1,G,0.137931034483,29,4
7,148876702,C,ZNF398,MODERATE,Yes,No,0.01,5.22,5.22,11.4499,B,0.8269625,ZNF398#Q409E|ZNF398#Q580E,1
,,,,,,,,,,,,,,,PT_11,G,0.163043478261,92,15
3,195508903,G,MUC4,MODIFIER#MODERATE,Yes,No,NA,NA,NA,4.5608,P,0.412885714286,MUC4#|MUC4#|MUC4#T3183M,1
,,,,,,,,,,,,,,,PT_10,A,0.102420856611,537,55
6,119510904,C,MAN1A1,MODERATE,Yes,No,0.32,-3.85,5.52,7.6789,B,0.222123214286,MAN1A1#E491K,1
,,,,,,,,,,,,,,,PT_13,T,0.433333333333,30,12
7,96653817,G,DLX5,MODERATE,Yes,No,0.0,4.86,4.86,18.2087,D,0.975,DLX5#S40C,1
,,,,,,,,,,,,,,,PT_12,C,0.116883116883,77,8
5,76331554,G,AGGF1,MODERATE,Yes,No,0.53,-0.0725,5.96,1.1854,B,0.0799178571429,AGGF1#A168S,1
,,,,,,,,,,,,,,,PT_1,T,0.166666666667,24,4
1,16459741,C,EPHA2,MODERATE,Yes,No,0.0,5.53,5.53,18.0644,D,0.975,EPHA2#E663K,1
,,,,,,,,,,,,,,,PT_3,T,0.231343283582,134,30
5,140531426,G,PCDHB17#PCDHB6,MODERATE#MODIFIER,Yes,No,0.04,-4.24,4.19,9.2605,B,0.405366071429,PCDHB6#G530S|PCDHB17#,1
,,,,,,,,,,,,,,,PT_10,A,0.100775193798,129,12
12,112926888,G,PTPN11,MODERATE,Yes,No,0.02,5.13,5.13,18.9358,D,0.97,PTPN11#G503V,1
,,,,,,,,,,,,,,,PT_9,T,0.114164904863,473,54
11,57095228,C,SSRP1#TNKS1BP1,MODERATE#MODIFIER,Yes,No,0.02,4.71,5.8,11.9302,D,0.886056527094,SSRP1#K580N|TNKS1BP1#,1
,,,,,,,,,,,,,,,PT_3,A,0.318181818182,22,7
3,195513846,C,MUC4,MODIFIER#MODERATE,Yes,No,NA,NA,NA,2.2036,B,0.0787,MUC4#|MUC4#|MUC4#M1535I,1
,,,,,,,,,,,,,,,PT_10,G,0.15811965812,234,37
11,5530137,G,OR51B5#UBQLN3,MODERATE#MODIFIER,Yes,No,0.0,3.61,5.53,11.9374,P,0.75136858047,UBQLN3#R218W|OR51B5#|OR51B5#,1
,,,,,,,,,,,,,,,PT_10,A,0.133333333333,90,11
12,10959143,A,TAS2R8#TAS2R9#TAS2R7#MIR1244-3#MIR1244-2#MIR1244-1,MODIFIER#MODERATE,Yes,No,0.0,-0.279,5.24,0.8822,D,0.490753571429,TAS2R9#|MIR1244-1#|MIR1244-2#|MIR1244-3#|TAS2R8#L146H|TAS2R7#,1
,,,,,,,,,,,,,,,PT_3,T,0.486486486486,37,17
17,43227280,C,HEXIM1,MODERATE,Yes,No,0.65,-2.97,4.74,11.4848,B,0.248835714286,HEXIM1#F241L,1
,,,,,,,,,,,,,,,PT_12,A,0.166666666667,96,16
20,20033316,G,C20orf26#CRNKL1,MODIFIER#MODERATE,Yes,No,0.15,1.58,4.76,6.975,B,0.313786764706,C20orf26#|CRNKL1#R52W|C20orf26#,1
,,,,,,,,,,,,,,,PT_6,A,0.673076923077,52,35
